535,all,1
727,all,1
1765,all,1
8230,all,1
9574,all,1
9595,all,1
9754,all,1
9964,all,1
11068,all,1
12223,all,1
12940,all,1
13282,all,1
14920,all,1
17392,all,1
17731,all,1
18958,all,1
19966,all,1
22108,all,1
22282,all,1
23671,all,1
23692,all,1
24679,all,1
26290,all,1
28111,all,1
28174,all,1
28810,all,1
29542,all,1
30442,all,1
30574,all,1
30940,all,1
32782,all,1
32869,all,1
33037,all,1
33133,all,1
33166,all,1
33172,all,1
33388,all,1
33796,all,1
33982,all,1
34078,all,1
34108,all,1
34270,all,1
34774,all,1
34894,all,1
35134,all,1
35299,all,1
35740,all,1
35788,all,1
35911,all,1
36046,all,1
36223,all,1
36379,all,1
36565,all,1
36589,all,1
36844,all,1
37060,all,1
37645,all,1
38095,all,1
38158,all,1
38182,all,1
38197,all,1
38341,all,1
38581,all,1
38638,all,1
38647,all,1
38695,all,1
38716,all,1
38758,all,1
38797,all,1
38830,all,1
38836,all,1
39133,all,1
39190,all,1
39412,all,1
39436,all,1
39709,all,1
39718,all,1
39796,all,1
40198,all,1
40207,all,1
40255,all,1
40438,all,1
40693,all,1
41158,all,1
41590,all,1
41860,all,1
41869,all,1
41884,all,1
42004,all,1
42301,all,1
42355,all,1
42391,all,1
42652,all,1
42829,all,1
42853,all,1
42883,all,1
43162,all,1
43429,all,1
43918,all,1
44815,all,1
45190,all,1
45223,all,1
45247,all,1
45268,all,1
46147,all,1
46708,all,1
46750,all,1
46933,all,1
46942,all,1
46948,all,1
47134,all,1
47206,all,1
47230,all,1
47335,all,1
47557,all,1
47605,all,1
47623,all,1
47662,all,1
48025,all,1
48262,all,1
48277,all,1
48352,all,1
48919,all,1
49540,all,1
49573,all,1
49612,all,1
49732,all,1
49885,all,1
50374,all,1
50389,all,1
50470,all,1
50485,all,1
50887,all,1
51007,all,1
51262,all,1
51316,all,1
51346,all,1
51412,all,1
52372,all,1
52381,all,1
52564,all,1
52645,all,1
52678,all,1
52711,all,1
53110,all,1
53116,all,1
53140,all,1
53350,all,1
53446,all,1
53830,all,1
54388,all,1
54469,all,1
54511,all,1
54661,all,1
54688,all,1
54781,all,1
54790,all,1
54886,all,1
55159,all,1
55303,all,1
55318,all,1
55591,all,1
55750,all,1
55948,all,1
55957,all,1
55966,all,1
55981,all,1
55996,all,1
56212,all,1
56647,all,1
56764,all,1
56797,all,1
56806,all,1
56821,all,1
56845,all,1
57079,all,1
57268,all,1
57271,all,1
57274,all,1
57316,all,1
57493,all,1
57886,all,1
57943,all,1
57997,all,1
58366,all,1
58372,all,1
58399,all,1
58444,all,1
58462,all,1
58552,all,1
58630,all,1
59311,all,1
59548,all,1
59590,all,1
59596,all,1
59740,all,1
60061,all,1
60109,all,1
60133,all,1
60163,all,1
60358,all,1
60364,all,1
60382,all,1
60391,all,1
60604,all,1
61102,all,1
61285,all,1
61294,all,1
61390,all,1
61540,all,1
61558,all,1
61561,all,1
62431,all,1
62479,all,1
62623,all,1
63547,all,1
63589,all,1
63652,all,1
63670,all,1
63718,all,1
63922,all,1
64381,all,1
64477,all,1
64768,all,1
64948,all,1
65023,all,1
65236,all,1
65476,all,1
65479,all,1
65494,all,1
65551,all,1
65560,all,1
65578,all,1
65593,all,1
65713,all,1
65836,all,1
66220,all,1
66811,all,1
67435,all,1
67936,all,1
68077,all,1
68377,all,1
68440,all,1
69106,all,1
69115,all,1
70012,all,1
70120,all,1
70270,all,1
70444,all,1
70474,all,1
70522,all,1
70588,all,1
70600,all,1
70810,all,1
71005,all,1
71152,all,1
71275,all,1
71356,all,1
71389,all,1
71449,all,1
71947,all,1
72136,all,1
72667,all,1
72952,all,1
73342,all,1
73432,all,1
73531,all,1
73768,all,1
74215,all,1
74479,all,1
74794,all,1
75388,all,1
75706,all,1
75742,all,1
75871,all,1
75949,all,1
76231,all,1
76240,all,1
77017,all,1
77161,all,1
77290,all,1
77314,all,1
77419,all,1
78286,all,1
78346,all,1
78349,all,1
78472,all,1
78541,all,1
78958,all,1
79018,all,1
79066,all,1
79132,all,1
79192,all,1
79276,all,1
79531,all,1
79645,all,1
79996,all,1
80062,all,1
80251,all,1
80575,all,1
80611,all,1
80665,all,1
80701,all,1
81034,all,1
81145,all,1
81196,all,1
81229,all,1
81244,all,1
81343,all,1
81358,all,1
81466,all,1
81520,all,1
82105,all,1
82606,all,1
82840,all,1
82846,all,1
82894,all,1
83563,all,1
83671,all,1
84556,all,1
84586,all,1
84634,all,1
84763,all,1
84811,all,1
84988,all,1
85177,all,1
85291,all,1
85339,all,1
85567,all,1
85852,all,1
86122,all,1
86218,all,1
86311,all,1
86377,all,1
86953,all,1
87064,all,1
87067,all,1
87082,all,1
87181,all,1
87277,all,1
88120,all,1
88432,all,1
88489,all,1
88831,all,1
88888,all,1
88924,all,1
88969,all,1
89185,all,1
89257,all,1
89362,all,1
90367,all,1
90619,all,1
90904,all,1
91183,all,1
91261,all,1
91291,all,1
91402,all,1
91405,all,1
91804,all,1
92098,all,1
92137,all,1
92188,all,1
92314,all,1
92536,all,1
92542,all,1
92827,all,1
93019,all,1
93115,all,1
93187,all,1
93808,all,1
94087,all,1
94156,all,1
94171,all,1
94366,all,1
94414,all,1
94666,all,1
95722,all,1
96025,all,1
96223,all,1
96283,all,1
96460,all,1
96526,all,1
96586,all,1
96688,all,1
97672,all,1
97819,all,1
97900,all,1
99019,all,1
99049,all,1
99211,all,1
99376,all,1
99577,all,1
99706,all,1
99802,all,1
99904,all,1
100015,all,1
100060,all,1
100126,all,1
100267,all,1
100840,all,1
101896,all,1
102094,all,1
102478,all,1
102811,all,1
102955,all,1
103198,all,1
103261,all,1
103267,all,1
103330,all,1
103390,all,1
103675,all,1
103855,all,1
104536,all,1
104764,all,1
104776,all,1
104800,all,1
104848,all,1
104890,all,1
105301,all,1
105436,all,1
105562,all,1
105613,all,1
105784,all,1
105802,all,1
105865,all,1
106057,all,1
106249,all,1
106363,all,1
106702,all,1
106714,all,1
107245,all,1
107446,all,1
107578,all,1
107596,all,1
108124,all,1
108265,all,1
108475,all,1
108874,all,1
108958,all,1
109129,all,1
109213,all,1
109336,all,1
109387,all,1
109390,all,1
109771,all,1
109945,all,1
110617,all,1
110680,all,1
111406,all,1
111931,all,1
111949,all,1
111964,all,1
112381,all,1
112540,all,1
112600,all,1
112729,all,1
113035,all,1
113161,all,1
113209,all,1
113242,all,1
113275,all,1
113293,all,1
113308,all,1
113389,all,1
113404,all,1
113881,all,1
113929,all,1
114172,all,1
114472,all,1
114538,all,1
114811,all,1
115207,all,1
115453,all,1
116248,all,1
116314,all,1
116389,all,1
116749,all,1
116764,all,1
116809,all,1
116878,all,1
117691,all,1
117850,all,1
118234,all,1
118249,all,1
118750,all,1
118792,all,1
119041,all,1
119098,all,1
119563,all,1
119596,all,1
120088,all,1
120238,all,1
120271,all,1
120286,all,1
120307,all,1
120397,all,1
120586,all,1
120607,all,1
120685,all,1
120697,all,1
121033,all,1
121081,all,1
121195,all,1
121417,all,1
121450,all,1
121597,all,1
121630,all,1
122044,all,1
122173,all,1
122476,all,1
122488,all,1
122509,all,1
123166,all,1
123499,all,1
123571,all,1
123628,all,1
123871,all,1
123928,all,1
124111,all,1
124666,all,1
124837,all,1
124906,all,1
125563,all,1
125581,all,1
125899,all,1
125935,all,1
126046,all,1
126058,all,1
126061,all,1
126175,all,1
127018,all,1
127081,all,1
127162,all,1
127534,all,1
127693,all,1
127807,all,1
127870,all,1
128284,all,1
128749,all,1
129166,all,1
129499,all,1
130168,all,1
130318,all,1
130330,all,1
130408,all,1
130696,all,1
130699,all,1
130780,all,1
300,all,1
585,all,1
2274,all,1
3024,all,1
3279,all,1
3435,all,1
3654,all,1
4044,all,1
5949,all,1
6939,all,1
7716,all,1
16434,all,1
16632,all,1
16659,all,1
16926,all,1
17199,all,1
17358,all,1
17523,all,1
17574,all,1
17610,all,1
17667,all,1
17754,all,1
17946,all,1
18030,all,1
18063,all,1
18435,all,1
19170,all,1
19869,all,1
19914,all,1
19962,all,1
20088,all,1
20166,all,1
20499,all,1
21399,all,1
21570,all,1
22338,all,1
22344,all,1
22938,all,1
23160,all,1
23571,all,1
23799,all,1
24018,all,1
24174,all,1
24183,all,1
24198,all,1
24222,all,1
24264,all,1
24366,all,1
24378,all,1
24528,all,1
24615,all,1
24867,all,1
25455,all,1
25839,all,1
25986,all,1
25995,all,1
26079,all,1
26115,all,1
26307,all,1
26427,all,1
26562,all,1
26622,all,1
26655,all,1
26667,all,1
26679,all,1
27195,all,1
27462,all,1
28026,all,1
28056,all,1
28086,all,1
28113,all,1
28881,all,1
28887,all,1
29262,all,1
29271,all,1
29631,all,1
29751,all,1
29775,all,1
30087,all,1
30174,all,1
30378,all,1
30444,all,1
30486,all,1
30513,all,1
30567,all,1
30654,all,1
30915,all,1
30918,all,1
30927,all,1
30951,all,1
31026,all,1
31275,all,1
31299,all,1
31344,all,1
31491,all,1
31683,all,1
31713,all,1
31938,all,1
32019,all,1
32340,all,1
32439,all,1
32484,all,1
32715,all,1
32754,all,1
34047,all,1
35700,all,1
36879,all,1
39783,all,1
40173,all,1
41655,all,1
42093,all,1
44580,all,1
47151,all,1
47340,all,1
54717,all,1
54732,all,1
55608,all,1
58119,all,1
58959,all,1
60096,all,1
61143,all,1
61695,all,1
62127,all,1
62502,all,1
62940,all,1
62964,all,1
63408,all,1
65271,all,1
65517,all,1
131379,all,1
131442,all,1
131448,all,1
131451,all,1
131676,all,1
131742,all,1
131835,all,1
131934,all,1
132051,all,1
132465,all,1
132570,all,1
132849,all,1
133659,all,1
133962,all,1
133980,all,1
134391,all,1
134469,all,1
134676,all,1
135033,all,1
135072,all,1
135090,all,1
135153,all,1
135273,all,1
135477,all,1
135831,all,1
135921,all,1
135963,all,1
136017,all,1
136668,all,1
136692,all,1
136722,all,1
136956,all,1
137136,all,1
137175,all,1
137244,all,1
137592,all,1
137622,all,1
137649,all,1
138006,all,1
138576,all,1
138606,all,1
138645,all,1
138840,all,1
139254,all,1
139614,all,1
139959,all,1
140181,all,1
140250,all,1
140661,all,1
140793,all,1
140862,all,1
141207,all,1
141369,all,1
141885,all,1
142104,all,1
142422,all,1
142614,all,1
142680,all,1
142683,all,1
142782,all,1
142842,all,1
143196,all,1
143514,all,1
143583,all,1
144273,all,1
144420,all,1
144540,all,1
144561,all,1
144954,all,1
145050,all,1
145137,all,1
145269,all,1
145284,all,1
145308,all,1
145968,all,1
146001,all,1
146043,all,1
146070,all,1
146679,all,1
146967,all,1
147132,all,1
147153,all,1
147186,all,1
147255,all,1
147390,all,1
147420,all,1
147669,all,1
147699,all,1
147705,all,1
148053,all,1
148119,all,1
148272,all,1
148275,all,1
148569,all,1
148668,all,1
149304,all,1
149340,all,1
149364,all,1
149598,all,1
149712,all,1
149832,all,1
149943,all,1
149961,all,1
150003,all,1
150087,all,1
150126,all,1
150360,all,1
150453,all,1
150483,all,1
150516,all,1
150528,all,1
150585,all,1
150834,all,1
151251,all,1
151326,all,1
151374,all,1
151536,all,1
151776,all,1
152331,all,1
152439,all,1
152772,all,1
152784,all,1
152787,all,1
152949,all,1
153591,all,1
154002,all,1
154038,all,1
154203,all,1
154386,all,1
154641,all,1
154800,all,1
154815,all,1
154908,all,1
154911,all,1
155418,all,1
155478,all,1
156561,all,1
156660,all,1
156696,all,1
156702,all,1
157848,all,1
158388,all,1
159354,all,1
159483,all,1
160626,all,1
161205,all,1
161238,all,1
161340,all,1
161556,all,1
161685,all,1
161850,all,1
162006,all,1
162171,all,1
162744,all,1
162840,all,1
162900,all,1
162939,all,1
163074,all,1
163290,all,1
164286,all,1
164346,all,1
164403,all,1
164406,all,1
164436,all,1
164484,all,1
164535,all,1
164631,all,1
164703,all,1
165345,all,1
165969,all,1
165981,all,1
166068,all,1
166167,all,1
166581,all,1
166800,all,1
166875,all,1
166938,all,1
167001,all,1
167265,all,1
167289,all,1
167349,all,1
167376,all,1
167391,all,1
167715,all,1
167931,all,1
168348,all,1
197,all,1
1967,all,1
5141,all,1
5219,all,1
5303,all,1
5519,all,1
6572,all,1
8207,all,1
8267,all,1
8393,all,1
8426,all,1
8474,all,1
8477,all,1
8879,all,1
8903,all,1
8933,all,1
9089,all,1
9215,all,1
9425,all,1
9533,all,1
9551,all,1
9590,all,1
9611,all,1
9659,all,1
9689,all,1
9707,all,1
9827,all,1
10325,all,1
10931,all,1
10943,all,1
10949,all,1
10991,all,1
11108,all,1
11255,all,1
11447,all,1
11534,all,1
11921,all,1
11987,all,1
12104,all,1
12485,all,1
12659,all,1
12905,all,1
13013,all,1
13037,all,1
13049,all,1
13064,all,1
13085,all,1
13112,all,1
14207,all,1
14291,all,1
14321,all,1
14393,all,1
14399,all,1
14471,all,1
14663,all,1
14714,all,1
14960,all,1
15170,all,1
15191,all,1
15200,all,1
15257,all,1
15413,all,1
15584,all,1
16043,all,1
16109,all,1
16235,all,1
16241,all,1
65567,all,1
68795,all,1
70490,all,1
71933,all,1
77360,all,1
78365,all,1
78476,all,1
80078,all,1
80528,all,1
81356,all,1
82025,all,1
83405,all,1
84923,all,1
86153,all,1
89009,all,1
90545,all,1
91007,all,1
91226,all,1
92873,all,1
93881,all,1
94046,all,1
94193,all,1
99920,all,1
101615,all,1
102362,all,1
102476,all,1
103184,all,1
103580,all,1
105932,all,1
106634,all,1
107567,all,1
109532,all,1
110906,all,1
111017,all,1
111401,all,1
113465,all,1
114176,all,1
120347,all,1
121016,all,1
121232,all,1
123017,all,1
129257,all,1
130397,all,1
130733,all,1
132539,all,1
134336,all,1
136034,all,1
140438,all,1
141395,all,1
142418,all,1
143003,all,1
143867,all,1
147185,all,1
148112,all,1
148193,all,1
150905,all,1
151025,all,1
151739,all,1
155708,all,1
156560,all,1
156659,all,1
158171,all,1
158387,all,1
160181,all,1
161378,all,1
162833,all,1
162875,all,1
163088,all,1
164240,all,1
164666,all,1
197,3,1
727,1,1
1765,3,1
1967,1,1
3024,3,1
3279,4,1
3654,1,1
4044,2,1
4044,5,1
5141,4,1
5219,2,1
5219,5,1
5303,4,1
5949,2,1
5949,5,1
6939,2,1
6939,5,1
7716,4,1
8207,2,1
8207,5,1
8230,1,1
8267,1,1
8393,1,1
8474,1,1
8477,4,1
8879,2,1
8879,5,1
8933,1,1
9089,4,1
9215,2,1
9215,5,1
9590,1,1
9595,1,1
9611,2,1
9611,5,1
9659,3,1
9689,2,1
9689,5,1
9707,1,1
9827,4,1
9964,1,1
10325,3,1
10931,2,1
10931,5,1
10949,4,1
10991,1,1
11068,3,1
11108,3,1
11255,2,1
11255,5,1
11534,2,1
11534,5,1
11921,2,1
11921,5,1
11987,3,1
12104,4,1
12223,1,1
12485,1,1
12659,4,1
12940,3,1
13013,4,1
13037,2,1
13037,5,1
13064,2,1
13064,5,1
13112,4,1
13282,3,1
14207,2,1
14207,5,1
14321,3,1
14393,1,1
14399,3,1
14663,1,1
14920,3,1
14960,1,1
15170,2,1
15170,5,1
15200,4,1
15257,1,1
15413,2,1
15413,5,1
15584,4,1
16043,2,1
16043,5,1
16241,2,1
16241,5,1
16434,4,1
16632,4,1
16926,2,1
16926,5,1
17358,2,1
17358,5,1
17523,4,1
17574,2,1
17574,5,1
17610,1,1
17731,2,1
17731,5,1
17754,2,1
17754,5,1
18063,4,1
18435,3,1
18958,3,1
19170,4,1
19869,4,1
19914,2,1
19914,5,1
19966,3,1
20088,4,1
20166,1,1
20499,2,1
20499,5,1
21399,2,1
21399,5,1
21570,1,1
22108,4,1
22282,3,1
22338,4,1
22344,1,1
22938,2,1
22938,5,1
23571,4,1
23671,2,1
23671,5,1
23799,1,1
24018,1,1
24174,4,1
24183,4,1
24198,2,1
24198,5,1
24264,4,1
24366,3,1
24378,2,1
24378,5,1
24528,3,1
24615,4,1
24679,4,1
25455,3,1
25986,1,1
25995,1,1
26079,2,1
26079,5,1
26115,1,1
26290,2,1
26290,5,1
26307,4,1
26427,3,1
26562,3,1
26622,4,1
26655,2,1
26655,5,1
26679,1,1
27195,2,1
27195,5,1
27462,3,1
28026,4,1
28056,3,1
28086,2,1
28086,5,1
28111,4,1
28113,1,1
28810,2,1
28810,5,1
28887,4,1
29262,3,1
29271,3,1
29631,3,1
29751,2,1
29751,5,1
29775,1,1
30087,4,1
30174,1,1
30378,3,1
30442,4,1
30444,1,1
30486,3,1
30567,3,1
30574,2,1
30574,5,1
30654,4,1
30915,4,1
30918,3,1
30927,3,1
30940,3,1
30951,4,1
31275,4,1
31299,2,1
31299,5,1
31344,1,1
31491,4,1
31683,3,1
31713,1,1
31938,2,1
31938,5,1
32019,1,1
32439,3,1
32484,3,1
32715,4,1
32754,3,1
32869,4,1
33037,3,1
33133,4,1
33166,2,1
33166,5,1
33172,3,1
33388,1,1
33796,4,1
33982,1,1
34047,4,1
34108,3,1
34270,3,1
34774,1,1
34894,4,1
35134,3,1
35299,4,1
35700,1,1
35740,2,1
35740,5,1
35788,3,1
35911,2,1
35911,5,1
36046,2,1
36046,5,1
36223,3,1
36379,4,1
36565,1,1
36589,3,1
36844,1,1
36879,4,1
37060,3,1
37645,1,1
38095,1,1
38158,1,1
38197,4,1
38341,2,1
38341,5,1
38581,1,1
38638,4,1
38647,4,1
38695,3,1
38716,1,1
38758,3,1
38797,2,1
38797,5,1
38836,4,1
39133,2,1
39133,5,1
39412,2,1
39412,5,1
39436,1,1
39709,4,1
39718,4,1
39783,1,1
39796,2,1
39796,5,1
40173,1,1
40207,4,1
40255,3,1
40438,2,1
40438,5,1
41158,2,1
41158,5,1
41590,2,1
41590,5,1
41655,3,1
41860,2,1
41860,5,1
41869,4,1
41884,1,1
42004,1,1
42093,4,1
42301,1,1
42355,2,1
42355,5,1
42391,2,1
42391,5,1
42652,2,1
42652,5,1
42829,1,1
42883,1,1
43162,3,1
43918,1,1
44580,3,1
45190,2,1
45190,5,1
45223,3,1
45268,1,1
46708,1,1
46933,1,1
46942,1,1
46948,3,1
47134,2,1
47134,5,1
47151,4,1
47206,2,1
47206,5,1
47230,3,1
47340,4,1
47557,4,1
47662,1,1
48025,2,1
48025,5,1
48277,4,1
48919,3,1
49573,4,1
49732,1,1
49885,2,1
49885,5,1
50374,2,1
50374,5,1
50389,1,1
50470,3,1
50887,4,1
51007,4,1
51262,3,1
51316,3,1
51346,2,1
51346,5,1
51412,4,1
52372,2,1
52372,5,1
52381,2,1
52381,5,1
52678,4,1
52711,3,1
53110,1,1
53116,3,1
53140,4,1
53350,3,1
53830,2,1
53830,5,1
54388,4,1
54469,4,1
54511,3,1
54688,3,1
54717,2,1
54717,5,1
54732,3,1
54781,1,1
54790,1,1
54886,3,1
55159,1,1
55303,3,1
55591,1,1
55608,2,1
55608,5,1
55948,3,1
55957,3,1
55966,3,1
55981,4,1
55996,2,1
55996,5,1
56212,3,1
56647,4,1
56764,4,1
56797,2,1
56797,5,1
56806,1,1
56845,4,1
57079,4,1
57268,4,1
57274,1,1
57493,4,1
57886,2,1
57886,5,1
57943,4,1
58119,2,1
58119,5,1
58366,4,1
58372,1,1
58399,2,1
58399,5,1
58444,1,1
58462,1,1
58552,1,1
58959,3,1
59311,2,1
59311,5,1
59548,3,1
59590,4,1
59596,2,1
59596,5,1
59740,1,1
60061,4,1
60096,3,1
60109,3,1
60133,4,1
60163,3,1
60364,2,1
60364,5,1
60382,2,1
60382,5,1
60391,2,1
60391,5,1
60604,3,1
61102,1,1
61143,1,1
61390,2,1
61390,5,1
61540,3,1
61558,1,1
61561,2,1
61561,5,1
62127,4,1
62431,3,1
62479,4,1
62502,1,1
62623,2,1
62623,5,1
62940,3,1
63408,3,1
63547,1,1
63589,3,1
63718,1,1
64477,4,1
64768,3,1
64948,3,1
65023,3,1
65271,3,1
65476,4,1
65479,3,1
65494,4,1
65517,2,1
65517,5,1
65567,2,1
65567,5,1
65578,3,1
65593,4,1
65836,4,1
66220,3,1
67435,1,1
67936,3,1
68077,4,1
68377,3,1
68795,1,1
70012,1,1
70120,1,1
70270,3,1
70444,2,1
70444,5,1
70490,1,1
70522,3,1
70588,4,1
70600,4,1
70810,3,1
71005,4,1
71152,3,1
71389,4,1
71449,1,1
71933,4,1
71947,4,1
72136,2,1
72136,5,1
72667,4,1
72952,1,1
73342,2,1
73342,5,1
73432,2,1
73432,5,1
73531,2,1
73531,5,1
73768,3,1
74215,2,1
74215,5,1
74479,3,1
74794,3,1
75388,3,1
75706,1,1
75742,1,1
75871,4,1
75949,2,1
75949,5,1
76231,2,1
76231,5,1
76240,2,1
76240,5,1
77290,1,1
77360,4,1
77419,4,1
78286,3,1
78346,4,1
78349,3,1
78365,2,1
78365,5,1
78472,4,1
78541,1,1
79018,1,1
79066,4,1
79192,4,1
79276,3,1
79531,1,1
79645,3,1
79996,1,1
80062,3,1
80078,4,1
80251,3,1
80528,4,1
80575,1,1
80611,3,1
80665,1,1
80701,3,1
81034,3,1
81145,2,1
81145,5,1
81196,1,1
81244,2,1
81244,5,1
81343,2,1
81343,5,1
81356,4,1
81358,1,1
81466,1,1
81520,3,1
82105,3,1
82846,4,1
82894,3,1
83405,1,1
83563,1,1
83671,1,1
84556,4,1
84586,3,1
84634,1,1
84763,4,1
84923,3,1
85177,4,1
85291,1,1
85339,4,1
85567,3,1
85852,4,1
86122,2,1
86122,5,1
86153,4,1
86218,1,1
86311,2,1
86311,5,1
86377,3,1
86953,3,1
87064,1,1
87067,4,1
87082,1,1
87181,1,1
87277,3,1
88120,2,1
88120,5,1
88432,1,1
88831,4,1
88888,1,1
88924,3,1
88969,1,1
89009,3,1
89185,3,1
89257,3,1
89362,4,1
90367,1,1
90545,4,1
90619,1,1
91226,1,1
91261,2,1
91261,5,1
91402,3,1
91405,2,1
91405,5,1
92098,4,1
92188,4,1
92314,2,1
92314,5,1
92536,1,1
92827,4,1
92873,2,1
92873,5,1
93115,2,1
93115,5,1
93187,4,1
93808,4,1
93881,2,1
93881,5,1
94046,4,1
94087,4,1
94156,1,1
94193,3,1
94366,4,1
94666,3,1
95722,1,1
96283,4,1
96460,1,1
96526,4,1
96586,2,1
96586,5,1
97672,3,1
97819,2,1
97819,5,1
97900,1,1
99019,4,1
99049,3,1
99376,2,1
99376,5,1
99706,3,1
99802,4,1
99904,3,1
99920,2,1
99920,5,1
100015,1,1
100060,1,1
100126,4,1
100267,2,1
100267,5,1
100840,3,1
101896,4,1
102094,2,1
102094,5,1
102476,4,1
102478,1,1
102811,3,1
102955,1,1
103184,1,1
103198,1,1
103261,3,1
103330,4,1
103390,2,1
103390,5,1
103580,1,1
103675,1,1
103855,1,1
104764,1,1
104776,4,1
104800,3,1
104848,4,1
104890,1,1
105301,4,1
105613,2,1
105613,5,1
105784,4,1
105802,2,1
105802,5,1
105865,4,1
105932,4,1
106249,1,1
106634,4,1
106702,2,1
106702,5,1
107446,1,1
107567,2,1
107567,5,1
107578,3,1
107596,3,1
108124,2,1
108124,5,1
108265,1,1
108475,4,1
108874,3,1
108958,2,1
108958,5,1
109129,1,1
109213,2,1
109213,5,1
109336,1,1
109387,3,1
109390,1,1
109532,4,1
109771,4,1
109945,3,1
110617,2,1
110617,5,1
110680,2,1
110680,5,1
110906,1,1
111017,2,1
111017,5,1
111401,3,1
111406,3,1
111931,2,1
111931,5,1
111949,4,1
111964,1,1
112381,2,1
112381,5,1
112540,3,1
112600,4,1
112729,1,1
113035,3,1
113161,3,1
113209,2,1
113209,5,1
113242,3,1
113308,2,1
113308,5,1
113389,4,1
113404,3,1
113465,4,1
113881,1,1
113929,4,1
114172,2,1
114172,5,1
114176,4,1
114538,1,1
114811,2,1
114811,5,1
115207,2,1
115207,5,1
116248,1,1
116314,2,1
116314,5,1
116389,3,1
116749,3,1
116764,4,1
116809,4,1
116878,2,1
116878,5,1
117691,4,1
117850,1,1
118249,4,1
118750,1,1
118792,3,1
119041,2,1
119041,5,1
119098,3,1
119563,4,1
119596,2,1
119596,5,1
120238,2,1
120238,5,1
120271,3,1
120307,3,1
120347,1,1
120397,1,1
120586,1,1
120607,2,1
120607,5,1
120685,1,1
120697,4,1
121016,2,1
121016,5,1
121033,4,1
121081,3,1
121232,2,1
121232,5,1
121417,2,1
121417,5,1
121450,3,1
121597,4,1
121630,3,1
122044,3,1
122173,2,1
122173,5,1
122476,1,1
122488,4,1
123499,3,1
123628,1,1
123871,1,1
123928,4,1
124111,4,1
124666,4,1
124837,4,1
124906,1,1
125563,1,1
125581,1,1
125935,4,1
126058,1,1
126061,2,1
126061,5,1
126175,1,1
127534,1,1
127693,3,1
127807,4,1
127870,4,1
128284,4,1
128749,2,1
128749,5,1
129166,4,1
129257,2,1
129257,5,1
130318,2,1
130318,5,1
130330,4,1
130397,3,1
130408,2,1
130408,5,1
130696,4,1
130699,3,1
130733,1,1
131442,4,1
131448,2,1
131448,5,1
131451,4,1
131742,3,1
131835,2,1
131835,5,1
131934,2,1
131934,5,1
132051,1,1
132465,2,1
132465,5,1
132539,3,1
132570,3,1
132849,1,1
133659,1,1
134336,4,1
134391,2,1
134391,5,1
134469,1,1
134676,1,1
135033,4,1
135072,3,1
135090,3,1
135153,3,1
135273,2,1
135273,5,1
135477,1,1
135831,2,1
135831,5,1
135921,2,1
135921,5,1
135963,1,1
136017,3,1
136034,1,1
136668,4,1
136692,1,1
136722,2,1
136722,5,1
136956,4,1
137136,2,1
137136,5,1
137244,2,1
137244,5,1
137592,1,1
137622,2,1
137622,5,1
137649,4,1
138006,3,1
138576,4,1
138645,1,1
139959,2,1
139959,5,1
140181,4,1
140250,1,1
140438,4,1
140661,3,1
140862,2,1
140862,5,1
141207,4,1
141395,3,1
141885,1,1
142104,1,1
142418,4,1
142422,4,1
142614,3,1
142680,2,1
142680,5,1
142842,2,1
142842,5,1
143003,2,1
143003,5,1
143514,3,1
144273,2,1
144273,5,1
144420,4,1
144540,3,1
144561,2,1
144561,5,1
144954,1,1
145050,4,1
145137,2,1
145137,5,1
145269,1,1
145308,2,1
145308,5,1
145968,3,1
146001,1,1
146043,3,1
146070,3,1
146679,3,1
146967,3,1
147132,3,1
147153,2,1
147153,5,1
147185,2,1
147185,5,1
147186,1,1
147420,3,1
147669,3,1
147699,2,1
147699,5,1
148053,2,1
148053,5,1
148112,1,1
148193,2,1
148193,5,1
148275,1,1
148569,3,1
148668,3,1
149304,2,1
149304,5,1
149340,2,1
149340,5,1
149364,1,1
149598,2,1
149598,5,1
149832,1,1
149943,4,1
149961,4,1
150087,2,1
150087,5,1
150126,4,1
150360,4,1
150453,3,1
150483,2,1
150483,5,1
150516,3,1
150528,2,1
150528,5,1
150834,2,1
150834,5,1
150905,4,1
151251,4,1
151326,3,1
151374,2,1
151374,5,1
151536,2,1
151536,5,1
151739,2,1
151739,5,1
151776,1,1
152331,4,1
152784,1,1
152787,4,1
152949,4,1
154002,1,1
154038,2,1
154038,5,1
154203,4,1
154386,1,1
154641,2,1
154641,5,1
154800,3,1
154908,1,1
154911,2,1
154911,5,1
155478,4,1
155708,2,1
155708,5,1
156560,3,1
156659,1,1
156696,3,1
156702,2,1
156702,5,1
157848,3,1
158171,3,1
158387,1,1
158388,3,1
159354,1,1
159483,4,1
160181,1,1
160626,2,1
160626,5,1
161205,4,1
161238,2,1
161238,5,1
161340,4,1
161378,2,1
161378,5,1
161685,1,1
161850,2,1
161850,5,1
162006,4,1
162171,3,1
162833,3,1
162840,2,1
162840,5,1
162900,3,1
162939,4,1
163074,2,1
163074,5,1
163088,2,1
163088,5,1
163290,2,1
163290,5,1
164240,1,1
164286,1,1
164403,3,1
164406,2,1
164406,5,1
164484,1,1
164631,2,1
164631,5,1
164703,2,1
164703,5,1
165969,2,1
165969,5,1
165981,4,1
166068,1,1
166167,1,1
166581,1,1
166800,2,1
166800,5,1
166875,3,1
166938,3,1
167001,4,1
167265,1,1
167289,3,1
167349,4,1
167376,4,1
167391,1,1
167715,1,1
167931,1,1
168348,4,1
300,4,1
535,4,1
585,4,1
727,3,1
1967,3,1
2274,4,1
3279,2,1
3279,5,1
3435,4,1
3654,3,1
4044,1,1
5141,2,1
5141,5,1
5219,1,1
5303,2,1
5303,5,1
5519,4,1
5949,1,1
6572,4,1
6939,1,1
7716,2,1
7716,5,1
8207,1,1
8230,3,1
8267,3,1
8393,3,1
8426,4,1
8474,3,1
8477,2,1
8477,5,1
8879,1,1
8903,4,1
8933,3,1
9089,2,1
9089,5,1
9215,1,1
9425,4,1
9533,4,1
9551,4,1
9574,4,1
9590,3,1
9595,3,1
9611,1,1
9689,1,1
9707,3,1
9754,4,1
9827,2,1
9827,5,1
9964,3,1
10931,1,1
10943,4,1
10949,2,1
10949,5,1
10991,3,1
11255,1,1
11447,4,1
11534,1,1
11921,1,1
12104,2,1
12104,5,1
12223,3,1
12485,3,1
12659,2,1
12659,5,1
12905,4,1
13013,2,1
13013,5,1
13037,1,1
13049,4,1
13064,1,1
13085,4,1
13112,2,1
13112,5,1
14207,1,1
14291,4,1
14393,3,1
14471,4,1
14663,3,1
14714,4,1
14960,3,1
15170,1,1
15191,4,1
15200,2,1
15200,5,1
15257,3,1
15413,1,1
15584,2,1
15584,5,1
16043,1,1
16109,4,1
16235,4,1
16241,1,1
16434,2,1
16434,5,1
16632,2,1
16632,5,1
16659,4,1
16926,1,1
17199,4,1
17358,1,1
17392,4,1
17523,2,1
17523,5,1
17574,1,1
17610,3,1
17667,4,1
17731,1,1
17754,1,1
17946,4,1
18030,4,1
18063,2,1
18063,5,1
19170,2,1
19170,5,1
19869,2,1
19869,5,1
19914,1,1
19962,4,1
20088,2,1
20088,5,1
20166,3,1
20499,1,1
21399,1,1
21570,3,1
22108,2,1
22108,5,1
22338,2,1
22338,5,1
22344,3,1
22938,1,1
23160,4,1
23571,2,1
23571,5,1
23671,1,1
23692,4,1
23799,3,1
24018,3,1
24174,2,1
24174,5,1
24183,2,1
24183,5,1
24198,1,1
24222,4,1
24264,2,1
24264,5,1
24378,1,1
24615,2,1
24615,5,1
24679,2,1
24679,5,1
24867,4,1
25839,4,1
25986,3,1
25995,3,1
26079,1,1
26115,3,1
26290,1,1
26307,2,1
26307,5,1
26622,2,1
26622,5,1
26655,1,1
26667,4,1
26679,3,1
27195,1,1
28026,2,1
28026,5,1
28086,1,1
28111,2,1
28111,5,1
28113,3,1
28174,4,1
28810,1,1
28881,4,1
28887,2,1
28887,5,1
29542,4,1
29751,1,1
29775,3,1
30087,2,1
30087,5,1
30174,3,1
30442,2,1
30442,5,1
30444,3,1
30513,4,1
30574,1,1
30654,2,1
30654,5,1
30915,2,1
30915,5,1
30951,2,1
30951,5,1
31026,4,1
31275,2,1
31275,5,1
31299,1,1
31344,3,1
31491,2,1
31491,5,1
31713,3,1
31938,1,1
32019,3,1
32340,4,1
32715,2,1
32715,5,1
32782,4,1
32869,2,1
32869,5,1
33133,2,1
33133,5,1
33166,1,1
33388,3,1
33796,2,1
33796,5,1
33982,3,1
34047,2,1
34047,5,1
34078,4,1
34774,3,1
34894,2,1
34894,5,1
35299,2,1
35299,5,1
35700,3,1
35740,1,1
35911,1,1
36046,1,1
36379,2,1
36379,5,1
36565,3,1
36844,3,1
36879,2,1
36879,5,1
37645,3,1
38095,3,1
38158,3,1
38182,4,1
38197,2,1
38197,5,1
38341,1,1
38581,3,1
38638,2,1
38638,5,1
38647,2,1
38647,5,1
38716,3,1
38797,1,1
38830,4,1
38836,2,1
38836,5,1
39133,1,1
39190,4,1
39412,1,1
39436,3,1
39709,2,1
39709,5,1
39718,2,1
39718,5,1
39783,3,1
39796,1,1
40173,3,1
40198,4,1
40207,2,1
40207,5,1
40438,1,1
40693,4,1
41158,1,1
41590,1,1
41860,1,1
41869,2,1
41869,5,1
41884,3,1
42004,3,1
42093,2,1
42093,5,1
42301,3,1
42355,1,1
42391,1,1
42652,1,1
42829,3,1
42853,4,1
42883,3,1
43429,4,1
43918,3,1
44815,4,1
45190,1,1
45247,4,1
45268,3,1
46147,4,1
46708,3,1
46750,4,1
46933,3,1
46942,3,1
47134,1,1
47151,2,1
47151,5,1
47206,1,1
47335,4,1
47340,2,1
47340,5,1
47557,2,1
47557,5,1
47605,4,1
47623,4,1
47662,3,1
48025,1,1
48262,4,1
48277,2,1
48277,5,1
48352,4,1
49540,4,1
49573,2,1
49573,5,1
49612,4,1
49732,3,1
49885,1,1
50374,1,1
50389,3,1
50485,4,1
50887,2,1
50887,5,1
51007,2,1
51007,5,1
51346,1,1
51412,2,1
51412,5,1
52372,1,1
52381,1,1
52564,4,1
52645,4,1
52678,2,1
52678,5,1
53110,3,1
53140,2,1
53140,5,1
53446,4,1
53830,1,1
54388,2,1
54388,5,1
54469,2,1
54469,5,1
54661,4,1
54717,1,1
54781,3,1
54790,3,1
55159,3,1
55318,4,1
55591,3,1
55608,1,1
55750,4,1
55981,2,1
55981,5,1
55996,1,1
56647,2,1
56647,5,1
56764,2,1
56764,5,1
56797,1,1
56806,3,1
56821,4,1
56845,2,1
56845,5,1
57079,2,1
57079,5,1
57268,2,1
57268,5,1
57271,4,1
57274,3,1
57316,4,1
57493,2,1
57493,5,1
57886,1,1
57943,2,1
57943,5,1
57997,4,1
58119,1,1
58366,2,1
58366,5,1
58372,3,1
58399,1,1
58444,3,1
58462,3,1
58552,3,1
58630,4,1
59311,1,1
59590,2,1
59590,5,1
59596,1,1
59740,3,1
60061,2,1
60061,5,1
60133,2,1
60133,5,1
60358,4,1
60364,1,1
60382,1,1
60391,1,1
61102,3,1
61143,3,1
61285,4,1
61294,4,1
61390,1,1
61558,3,1
61561,1,1
61695,4,1
62127,2,1
62127,5,1
62479,2,1
62479,5,1
62502,3,1
62623,1,1
62964,4,1
63547,3,1
63652,4,1
63670,4,1
63718,3,1
63922,4,1
64381,4,1
64477,2,1
64477,5,1
65236,4,1
65476,2,1
65476,5,1
65494,2,1
65494,5,1
65517,1,1
65551,4,1
65560,4,1
65567,1,1
65593,2,1
65593,5,1
65713,4,1
65836,2,1
65836,5,1
66811,4,1
67435,3,1
68077,2,1
68077,5,1
68440,4,1
68795,3,1
69106,4,1
69115,4,1
70012,3,1
70120,3,1
70444,1,1
70474,4,1
70490,3,1
70588,2,1
70588,5,1
70600,2,1
70600,5,1
71005,2,1
71005,5,1
71275,4,1
71356,4,1
71389,2,1
71389,5,1
71449,3,1
71933,2,1
71933,5,1
71947,2,1
71947,5,1
72136,1,1
72667,2,1
72667,5,1
72952,3,1
73342,1,1
73432,1,1
73531,1,1
74215,1,1
75706,3,1
75742,3,1
75871,2,1
75871,5,1
75949,1,1
76231,1,1
76240,1,1
77017,4,1
77161,4,1
77290,3,1
77314,4,1
77360,2,1
77360,5,1
77419,2,1
77419,5,1
78346,2,1
78346,5,1
78365,1,1
78472,2,1
78472,5,1
78476,4,1
78541,3,1
78958,4,1
79018,3,1
79066,2,1
79066,5,1
79132,4,1
79192,2,1
79192,5,1
79531,3,1
79996,3,1
80078,2,1
80078,5,1
80528,2,1
80528,5,1
80575,3,1
80665,3,1
81145,1,1
81196,3,1
81229,4,1
81244,1,1
81343,1,1
81356,2,1
81356,5,1
81358,3,1
81466,3,1
82025,4,1
82606,4,1
82840,4,1
82846,2,1
82846,5,1
83405,3,1
83563,3,1
83671,3,1
84556,2,1
84556,5,1
84634,3,1
84763,2,1
84763,5,1
84811,4,1
84988,4,1
85177,2,1
85177,5,1
85291,3,1
85339,2,1
85339,5,1
85852,2,1
85852,5,1
86122,1,1
86153,2,1
86153,5,1
86218,3,1
86311,1,1
87064,3,1
87067,2,1
87067,5,1
87082,3,1
87181,3,1
88120,1,1
88432,3,1
88489,4,1
88831,2,1
88831,5,1
88888,3,1
88969,3,1
89362,2,1
89362,5,1
90367,3,1
90545,2,1
90545,5,1
90619,3,1
90904,4,1
91007,4,1
91183,4,1
91226,3,1
91261,1,1
91291,4,1
91405,1,1
91804,4,1
92098,2,1
92098,5,1
92137,4,1
92188,2,1
92188,5,1
92314,1,1
92536,3,1
92542,4,1
92827,2,1
92827,5,1
92873,1,1
93019,4,1
93115,1,1
93187,2,1
93187,5,1
93808,2,1
93808,5,1
93881,1,1
94046,2,1
94046,5,1
94087,2,1
94087,5,1
94156,3,1
94171,4,1
94366,2,1
94366,5,1
94414,4,1
95722,3,1
96025,4,1
96223,4,1
96283,2,1
96283,5,1
96460,3,1
96526,2,1
96526,5,1
96586,1,1
96688,4,1
97819,1,1
97900,3,1
99019,2,1
99019,5,1
99211,4,1
99376,1,1
99577,4,1
99802,2,1
99802,5,1
99920,1,1
100015,3,1
100060,3,1
100126,2,1
100126,5,1
100267,1,1
101615,4,1
101896,2,1
101896,5,1
102094,1,1
102362,4,1
102476,2,1
102476,5,1
102478,3,1
102955,3,1
103184,3,1
103198,3,1
103267,4,1
103330,2,1
103330,5,1
103390,1,1
103580,3,1
103675,3,1
103855,3,1
104536,4,1
104764,3,1
104776,2,1
104776,5,1
104848,2,1
104848,5,1
104890,3,1
105301,2,1
105301,5,1
105436,4,1
105562,4,1
105613,1,1
105784,2,1
105784,5,1
105802,1,1
105865,2,1
105865,5,1
105932,2,1
105932,5,1
106057,4,1
106249,3,1
106363,4,1
106634,2,1
106634,5,1
106702,1,1
106714,4,1
107245,4,1
107446,3,1
107567,1,1
108124,1,1
108265,3,1
108475,2,1
108475,5,1
108958,1,1
109129,3,1
109213,1,1
109336,3,1
109390,3,1
109532,2,1
109532,5,1
109771,2,1
109771,5,1
110617,1,1
110680,1,1
110906,3,1
111017,1,1
111931,1,1
111949,2,1
111949,5,1
111964,3,1
112381,1,1
112600,2,1
112600,5,1
112729,3,1
113209,1,1
113275,4,1
113293,4,1
113308,1,1
113389,2,1
113389,5,1
113465,2,1
113465,5,1
113881,3,1
113929,2,1
113929,5,1
114172,1,1
114176,2,1
114176,5,1
114472,4,1
114538,3,1
114811,1,1
115207,1,1
115453,4,1
116248,3,1
116314,1,1
116764,2,1
116764,5,1
116809,2,1
116809,5,1
116878,1,1
117691,2,1
117691,5,1
117850,3,1
118234,4,1
118249,2,1
118249,5,1
118750,3,1
119041,1,1
119563,2,1
119563,5,1
119596,1,1
120088,4,1
120238,1,1
120286,4,1
120347,3,1
120397,3,1
120586,3,1
120607,1,1
120685,3,1
120697,2,1
120697,5,1
121016,1,1
121033,2,1
121033,5,1
121195,4,1
121232,1,1
121417,1,1
121597,2,1
121597,5,1
122173,1,1
122476,3,1
122488,2,1
122488,5,1
122509,4,1
123017,4,1
123166,4,1
123571,4,1
123628,3,1
123871,3,1
123928,2,1
123928,5,1
124111,2,1
124111,5,1
124666,2,1
124666,5,1
124837,2,1
124837,5,1
124906,3,1
125563,3,1
125581,3,1
125899,4,1
125935,2,1
125935,5,1
126046,4,1
126058,3,1
126061,1,1
126175,3,1
127018,4,1
127081,4,1
127162,4,1
127534,3,1
127807,2,1
127807,5,1
127870,2,1
127870,5,1
128284,2,1
128284,5,1
128749,1,1
129166,2,1
129166,5,1
129257,1,1
129499,4,1
130168,4,1
130318,1,1
130330,2,1
130330,5,1
130408,1,1
130696,2,1
130696,5,1
130733,3,1
130780,4,1
131379,4,1
131442,2,1
131442,5,1
131448,1,1
131451,2,1
131451,5,1
131676,4,1
131835,1,1
131934,1,1
132051,3,1
132465,1,1
132849,3,1
133659,3,1
133962,4,1
133980,4,1
134336,2,1
134336,5,1
134391,1,1
134469,3,1
134676,3,1
135033,2,1
135033,5,1
135273,1,1
135477,3,1
135831,1,1
135921,1,1
135963,3,1
136034,3,1
136668,2,1
136668,5,1
136692,3,1
136722,1,1
136956,2,1
136956,5,1
137136,1,1
137175,4,1
137244,1,1
137592,3,1
137622,1,1
137649,2,1
137649,5,1
138576,2,1
138576,5,1
138606,4,1
138645,3,1
138840,4,1
139254,4,1
139614,4,1
139959,1,1
140181,2,1
140181,5,1
140250,3,1
140438,2,1
140438,5,1
140793,4,1
140862,1,1
141207,2,1
141207,5,1
141369,4,1
141885,3,1
142104,3,1
142418,2,1
142418,5,1
142422,2,1
142422,5,1
142680,1,1
142683,4,1
142782,4,1
142842,1,1
143003,1,1
143196,4,1
143583,4,1
143867,4,1
144273,1,1
144420,2,1
144420,5,1
144561,1,1
144954,3,1
145050,2,1
145050,5,1
145137,1,1
145269,3,1
145284,4,1
145308,1,1
146001,3,1
147153,1,1
147185,1,1
147186,3,1
147255,4,1
147390,4,1
147699,1,1
147705,4,1
148053,1,1
148112,3,1
148119,4,1
148193,1,1
148272,4,1
148275,3,1
149304,1,1
149340,1,1
149364,3,1
149598,1,1
149712,4,1
149832,3,1
149943,2,1
149943,5,1
149961,2,1
149961,5,1
150003,4,1
150087,1,1
150126,2,1
150126,5,1
150360,2,1
150360,5,1
150483,1,1
150528,1,1
150585,4,1
150834,1,1
150905,2,1
150905,5,1
151025,4,1
151251,2,1
151251,5,1
151374,1,1
151536,1,1
151739,1,1
151776,3,1
152331,2,1
152331,5,1
152439,4,1
152772,4,1
152784,3,1
152787,2,1
152787,5,1
152949,2,1
152949,5,1
153591,4,1
154002,3,1
154038,1,1
154203,2,1
154203,5,1
154386,3,1
154641,1,1
154815,4,1
154908,3,1
154911,1,1
155418,4,1
155478,2,1
155478,5,1
155708,1,1
156561,4,1
156659,3,1
156660,4,1
156702,1,1
158387,3,1
159354,3,1
159483,2,1
159483,5,1
160181,3,1
160626,1,1
161205,2,1
161205,5,1
161238,1,1
161340,2,1
161340,5,1
161378,1,1
161556,4,1
161685,3,1
161850,1,1
162006,2,1
162006,5,1
162744,4,1
162840,1,1
162875,4,1
162939,2,1
162939,5,1
163074,1,1
163088,1,1
163290,1,1
164240,3,1
164286,3,1
164346,4,1
164406,1,1
164436,4,1
164484,3,1
164535,4,1
164631,1,1
164666,4,1
164703,1,1
165345,4,1
165969,1,1
165981,2,1
165981,5,1
166068,3,1
166167,3,1
166581,3,1
166800,1,1
167001,2,1
167001,5,1
167265,3,1
167349,2,1
167349,5,1
167376,2,1
167376,5,1
167391,3,1
167715,3,1
167931,3,1
168348,2,1
168348,5,1
197,2,1
197,5,1
300,1,1
535,1,1
585,1,1
727,4,1
1765,2,1
1765,5,1
1967,4,1
2274,1,1
3024,2,1
3024,5,1
3279,3,1
3435,1,1
3654,4,1
5141,3,1
5303,3,1
5519,1,1
6572,1,1
7716,3,1
8230,4,1
8267,4,1
8393,4,1
8426,1,1
8474,4,1
8477,3,1
8903,1,1
8933,4,1
9089,3,1
9425,1,1
9533,1,1
9551,1,1
9574,1,1
9590,4,1
9595,4,1
9659,2,1
9659,5,1
9707,4,1
9754,1,1
9827,3,1
9964,4,1
10325,2,1
10325,5,1
10943,1,1
10949,3,1
10991,4,1
11068,2,1
11068,5,1
11108,2,1
11108,5,1
11447,1,1
11987,2,1
11987,5,1
12104,3,1
12223,4,1
12485,4,1
12659,3,1
12905,1,1
12940,2,1
12940,5,1
13013,3,1
13049,1,1
13085,1,1
13112,3,1
13282,2,1
13282,5,1
14291,1,1
14321,2,1
14321,5,1
14393,4,1
14399,2,1
14399,5,1
14471,1,1
14663,4,1
14714,1,1
14920,2,1
14920,5,1
14960,4,1
15191,1,1
15200,3,1
15257,4,1
15584,3,1
16109,1,1
16235,1,1
16434,3,1
16632,3,1
16659,1,1
17199,1,1
17392,1,1
17523,3,1
17610,4,1
17667,1,1
17946,1,1
18030,1,1
18063,3,1
18435,2,1
18435,5,1
18958,2,1
18958,5,1
19170,3,1
19869,3,1
19962,1,1
19966,2,1
19966,5,1
20088,3,1
20166,4,1
21570,4,1
22108,3,1
22282,2,1
22282,5,1
22338,3,1
22344,4,1
23160,1,1
23571,3,1
23692,1,1
23799,4,1
24018,4,1
24174,3,1
24183,3,1
24222,1,1
24264,3,1
24366,2,1
24366,5,1
24528,2,1
24528,5,1
24615,3,1
24679,3,1
24867,1,1
25455,2,1
25455,5,1
25839,1,1
25986,4,1
25995,4,1
26115,4,1
26307,3,1
26427,2,1
26427,5,1
26562,2,1
26562,5,1
26622,3,1
26667,1,1
26679,4,1
27462,2,1
27462,5,1
28026,3,1
28056,2,1
28056,5,1
28111,3,1
28113,4,1
28174,1,1
28881,1,1
28887,3,1
29262,2,1
29262,5,1
29271,2,1
29271,5,1
29542,1,1
29631,2,1
29631,5,1
29775,4,1
30087,3,1
30174,4,1
30378,2,1
30378,5,1
30442,3,1
30444,4,1
30486,2,1
30486,5,1
30513,1,1
30567,2,1
30567,5,1
30654,3,1
30915,3,1
30918,2,1
30918,5,1
30927,2,1
30927,5,1
30940,2,1
30940,5,1
30951,3,1
31026,1,1
31275,3,1
31344,4,1
31491,3,1
31683,2,1
31683,5,1
31713,4,1
32019,4,1
32340,1,1
32439,2,1
32439,5,1
32484,2,1
32484,5,1
32715,3,1
32754,2,1
32754,5,1
32782,1,1
32869,3,1
33037,2,1
33037,5,1
33133,3,1
33172,2,1
33172,5,1
33388,4,1
33796,3,1
33982,4,1
34047,3,1
34078,1,1
34108,2,1
34108,5,1
34270,2,1
34270,5,1
34774,4,1
34894,3,1
35134,2,1
35134,5,1
35299,3,1
35700,4,1
35788,2,1
35788,5,1
36223,2,1
36223,5,1
36379,3,1
36565,4,1
36589,2,1
36589,5,1
36844,4,1
36879,3,1
37060,2,1
37060,5,1
37645,4,1
38095,4,1
38158,4,1
38182,1,1
38197,3,1
38581,4,1
38638,3,1
38647,3,1
38695,2,1
38695,5,1
38716,4,1
38758,2,1
38758,5,1
38830,1,1
38836,3,1
39190,1,1
39436,4,1
39709,3,1
39718,3,1
39783,4,1
40173,4,1
40198,1,1
40207,3,1
40255,2,1
40255,5,1
40693,1,1
41655,2,1
41655,5,1
41869,3,1
41884,4,1
42004,4,1
42093,3,1
42301,4,1
42829,4,1
42853,1,1
42883,4,1
43162,2,1
43162,5,1
43429,1,1
43918,4,1
44580,2,1
44580,5,1
44815,1,1
45223,2,1
45223,5,1
45247,1,1
45268,4,1
46147,1,1
46708,4,1
46750,1,1
46933,4,1
46942,4,1
46948,2,1
46948,5,1
47151,3,1
47230,2,1
47230,5,1
47335,1,1
47340,3,1
47557,3,1
47605,1,1
47623,1,1
47662,4,1
48262,1,1
48277,3,1
48352,1,1
48919,2,1
48919,5,1
49540,1,1
49573,3,1
49612,1,1
49732,4,1
50389,4,1
50470,2,1
50470,5,1
50485,1,1
50887,3,1
51007,3,1
51262,2,1
51262,5,1
51316,2,1
51316,5,1
51412,3,1
52564,1,1
52645,1,1
52678,3,1
52711,2,1
52711,5,1
53110,4,1
53116,2,1
53116,5,1
53140,3,1
53350,2,1
53350,5,1
53446,1,1
54388,3,1
54469,3,1
54511,2,1
54511,5,1
54661,1,1
54688,2,1
54688,5,1
54732,2,1
54732,5,1
54781,4,1
54790,4,1
54886,2,1
54886,5,1
55159,4,1
55303,2,1
55303,5,1
55318,1,1
55591,4,1
55750,1,1
55948,2,1
55948,5,1
55957,2,1
55957,5,1
55966,2,1
55966,5,1
55981,3,1
56212,2,1
56212,5,1
56647,3,1
56764,3,1
56806,4,1
56821,1,1
56845,3,1
57079,3,1
57268,3,1
57271,1,1
57274,4,1
57316,1,1
57493,3,1
57943,3,1
57997,1,1
58366,3,1
58372,4,1
58444,4,1
58462,4,1
58552,4,1
58630,1,1
58959,2,1
58959,5,1
59548,2,1
59548,5,1
59590,3,1
59740,4,1
60061,3,1
60096,2,1
60096,5,1
60109,2,1
60109,5,1
60133,3,1
60163,2,1
60163,5,1
60358,1,1
60604,2,1
60604,5,1
61102,4,1
61143,4,1
61285,1,1
61294,1,1
61540,2,1
61540,5,1
61558,4,1
61695,1,1
62127,3,1
62431,2,1
62431,5,1
62479,3,1
62502,4,1
62940,2,1
62940,5,1
62964,1,1
63408,2,1
63408,5,1
63547,4,1
63589,2,1
63589,5,1
63652,1,1
63670,1,1
63718,4,1
63922,1,1
64381,1,1
64477,3,1
64768,2,1
64768,5,1
64948,2,1
64948,5,1
65023,2,1
65023,5,1
65236,1,1
65271,2,1
65271,5,1
65476,3,1
65479,2,1
65479,5,1
65494,3,1
65551,1,1
65560,1,1
65578,2,1
65578,5,1
65593,3,1
65713,1,1
65836,3,1
66220,2,1
66220,5,1
66811,1,1
67435,4,1
67936,2,1
67936,5,1
68077,3,1
68377,2,1
68377,5,1
68440,1,1
68795,4,1
69106,1,1
69115,1,1
70012,4,1
70120,4,1
70270,2,1
70270,5,1
70474,1,1
70490,4,1
70522,2,1
70522,5,1
70588,3,1
70600,3,1
70810,2,1
70810,5,1
71005,3,1
71152,2,1
71152,5,1
71275,1,1
71356,1,1
71389,3,1
71449,4,1
71933,3,1
71947,3,1
72667,3,1
72952,4,1
73768,2,1
73768,5,1
74479,2,1
74479,5,1
74794,2,1
74794,5,1
75388,2,1
75388,5,1
75706,4,1
75742,4,1
75871,3,1
77017,1,1
77161,1,1
77290,4,1
77314,1,1
77360,3,1
77419,3,1
78286,2,1
78286,5,1
78346,3,1
78349,2,1
78349,5,1
78472,3,1
78476,1,1
78541,4,1
78958,1,1
79018,4,1
79066,3,1
79132,1,1
79192,3,1
79276,2,1
79276,5,1
79531,4,1
79645,2,1
79645,5,1
79996,4,1
80062,2,1
80062,5,1
80078,3,1
80251,2,1
80251,5,1
80528,3,1
80575,4,1
80611,2,1
80611,5,1
80665,4,1
80701,2,1
80701,5,1
81034,2,1
81034,5,1
81196,4,1
81229,1,1
81356,3,1
81358,4,1
81466,4,1
81520,2,1
81520,5,1
82025,1,1
82105,2,1
82105,5,1
82606,1,1
82840,1,1
82846,3,1
82894,2,1
82894,5,1
83405,4,1
83563,4,1
83671,4,1
84556,3,1
84586,2,1
84586,5,1
84634,4,1
84763,3,1
84811,1,1
84923,2,1
84923,5,1
84988,1,1
85177,3,1
85291,4,1
85339,3,1
85567,2,1
85567,5,1
85852,3,1
86153,3,1
86218,4,1
86377,2,1
86377,5,1
86953,2,1
86953,5,1
87064,4,1
87067,3,1
87082,4,1
87181,4,1
87277,2,1
87277,5,1
88432,4,1
88489,1,1
88831,3,1
88888,4,1
88924,2,1
88924,5,1
88969,4,1
89009,2,1
89009,5,1
89185,2,1
89185,5,1
89257,2,1
89257,5,1
89362,3,1
90367,4,1
90545,3,1
90619,4,1
90904,1,1
91007,1,1
91183,1,1
91226,4,1
91291,1,1
91402,2,1
91402,5,1
91804,1,1
92098,3,1
92137,1,1
92188,3,1
92536,4,1
92542,1,1
92827,3,1
93019,1,1
93187,3,1
93808,3,1
94046,3,1
94087,3,1
94156,4,1
94171,1,1
94193,2,1
94193,5,1
94366,3,1
94414,1,1
94666,2,1
94666,5,1
95722,4,1
96025,1,1
96223,1,1
96283,3,1
96460,4,1
96526,3,1
96688,1,1
97672,2,1
97672,5,1
97900,4,1
99019,3,1
99049,2,1
99049,5,1
99211,1,1
99577,1,1
99706,2,1
99706,5,1
99802,3,1
99904,2,1
99904,5,1
100015,4,1
100060,4,1
100126,3,1
100840,2,1
100840,5,1
101615,1,1
101896,3,1
102362,1,1
102476,3,1
102478,4,1
102811,2,1
102811,5,1
102955,4,1
103184,4,1
103198,4,1
103261,2,1
103261,5,1
103267,1,1
103330,3,1
103580,4,1
103675,4,1
103855,4,1
104536,1,1
104764,4,1
104776,3,1
104800,2,1
104800,5,1
104848,3,1
104890,4,1
105301,3,1
105436,1,1
105562,1,1
105784,3,1
105865,3,1
105932,3,1
106057,1,1
106249,4,1
106363,1,1
106634,3,1
106714,1,1
107245,1,1
107446,4,1
107578,2,1
107578,5,1
107596,2,1
107596,5,1
108265,4,1
108475,3,1
108874,2,1
108874,5,1
109129,4,1
109336,4,1
109387,2,1
109387,5,1
109390,4,1
109532,3,1
109771,3,1
109945,2,1
109945,5,1
110906,4,1
111401,2,1
111401,5,1
111406,2,1
111406,5,1
111949,3,1
111964,4,1
112540,2,1
112540,5,1
112600,3,1
112729,4,1
113035,2,1
113035,5,1
113161,2,1
113161,5,1
113242,2,1
113242,5,1
113275,1,1
113293,1,1
113389,3,1
113404,2,1
113404,5,1
113465,3,1
113881,4,1
113929,3,1
114176,3,1
114472,1,1
114538,4,1
115453,1,1
116248,4,1
116389,2,1
116389,5,1
116749,2,1
116749,5,1
116764,3,1
116809,3,1
117691,3,1
117850,4,1
118234,1,1
118249,3,1
118750,4,1
118792,2,1
118792,5,1
119098,2,1
119098,5,1
119563,3,1
120088,1,1
120271,2,1
120271,5,1
120286,1,1
120307,2,1
120307,5,1
120347,4,1
120397,4,1
120586,4,1
120685,4,1
120697,3,1
121033,3,1
121081,2,1
121081,5,1
121195,1,1
121450,2,1
121450,5,1
121597,3,1
121630,2,1
121630,5,1
122044,2,1
122044,5,1
122476,4,1
122488,3,1
122509,1,1
123017,1,1
123166,1,1
123499,2,1
123499,5,1
123571,1,1
123628,4,1
123871,4,1
123928,3,1
124111,3,1
124666,3,1
124837,3,1
124906,4,1
125563,4,1
125581,4,1
125899,1,1
125935,3,1
126046,1,1
126058,4,1
126175,4,1
127018,1,1
127081,1,1
127162,1,1
127534,4,1
127693,2,1
127693,5,1
127807,3,1
127870,3,1
128284,3,1
129166,3,1
129499,1,1
130168,1,1
130330,3,1
130397,2,1
130397,5,1
130696,3,1
130699,2,1
130699,5,1
130733,4,1
130780,1,1
131379,1,1
131442,3,1
131451,3,1
131676,1,1
131742,2,1
131742,5,1
132051,4,1
132539,2,1
132539,5,1
132570,2,1
132570,5,1
132849,4,1
133659,4,1
133962,1,1
133980,1,1
134336,3,1
134469,4,1
134676,4,1
135033,3,1
135072,2,1
135072,5,1
135090,2,1
135090,5,1
135153,2,1
135153,5,1
135477,4,1
135963,4,1
136017,2,1
136017,5,1
136034,4,1
136668,3,1
136692,4,1
136956,3,1
137175,1,1
137592,4,1
137649,3,1
138006,2,1
138006,5,1
138576,3,1
138606,1,1
138645,4,1
138840,1,1
139254,1,1
139614,1,1
140181,3,1
140250,4,1
140438,3,1
140661,2,1
140661,5,1
140793,1,1
141207,3,1
141369,1,1
141395,2,1
141395,5,1
141885,4,1
142104,4,1
142418,3,1
142422,3,1
142614,2,1
142614,5,1
142683,1,1
142782,1,1
143196,1,1
143514,2,1
143514,5,1
143583,1,1
143867,1,1
144420,3,1
144540,2,1
144540,5,1
144954,4,1
145050,3,1
145269,4,1
145284,1,1
145968,2,1
145968,5,1
146001,4,1
146043,2,1
146043,5,1
146070,2,1
146070,5,1
146679,2,1
146679,5,1
146967,2,1
146967,5,1
147132,2,1
147132,5,1
147186,4,1
147255,1,1
147390,1,1
147420,2,1
147420,5,1
147669,2,1
147669,5,1
147705,1,1
148112,4,1
148119,1,1
148272,1,1
148275,4,1
148569,2,1
148569,5,1
148668,2,1
148668,5,1
149364,4,1
149712,1,1
149832,4,1
149943,3,1
149961,3,1
150003,1,1
150126,3,1
150360,3,1
150453,2,1
150453,5,1
150516,2,1
150516,5,1
150585,1,1
150905,3,1
151025,1,1
151251,3,1
151326,2,1
151326,5,1
151776,4,1
152331,3,1
152439,1,1
152772,1,1
152784,4,1
152787,3,1
152949,3,1
153591,1,1
154002,4,1
154203,3,1
154386,4,1
154800,2,1
154800,5,1
154815,1,1
154908,4,1
155418,1,1
155478,3,1
156560,2,1
156560,5,1
156561,1,1
156659,4,1
156660,1,1
156696,2,1
156696,5,1
157848,2,1
157848,5,1
158171,2,1
158171,5,1
158387,4,1
158388,2,1
158388,5,1
159354,4,1
159483,3,1
160181,4,1
161205,3,1
161340,3,1
161556,1,1
161685,4,1
162006,3,1
162171,2,1
162171,5,1
162744,1,1
162833,2,1
162833,5,1
162875,1,1
162900,2,1
162900,5,1
162939,3,1
164240,4,1
164286,4,1
164346,1,1
164403,2,1
164403,5,1
164436,1,1
164484,4,1
164535,1,1
164666,1,1
165345,1,1
165981,3,1
166068,4,1
166167,4,1
166581,4,1
166875,2,1
166875,5,1
166938,2,1
166938,5,1
167001,3,1
167265,4,1
167289,2,1
167289,5,1
167349,3,1
167376,3,1
167391,4,1
167715,4,1
167931,4,1
168348,3,1
197,1,1
300,3,1
535,3,1
585,3,1
727,2,1
727,5,1
1765,1,1
1967,2,1
1967,5,1
2274,3,1
3024,1,1
3435,3,1
3654,2,1
3654,5,1
4044,4,1
5219,4,1
5519,3,1
5949,4,1
6572,3,1
6939,4,1
8207,4,1
8230,2,1
8230,5,1
8267,2,1
8267,5,1
8393,2,1
8393,5,1
8426,3,1
8474,2,1
8474,5,1
8879,4,1
8903,3,1
8933,2,1
8933,5,1
9215,4,1
9425,3,1
9533,3,1
9551,3,1
9574,3,1
9590,2,1
9590,5,1
9595,2,1
9595,5,1
9611,4,1
9659,1,1
9689,4,1
9707,2,1
9707,5,1
9754,3,1
9964,2,1
9964,5,1
10325,1,1
10931,4,1
10943,3,1
10991,2,1
10991,5,1
11068,1,1
11108,1,1
11255,4,1
11447,3,1
11534,4,1
11921,4,1
11987,1,1
12223,2,1
12223,5,1
12485,2,1
12485,5,1
12905,3,1
12940,1,1
13037,4,1
13049,3,1
13064,4,1
13085,3,1
13282,1,1
14207,4,1
14291,3,1
14321,1,1
14393,2,1
14393,5,1
14399,1,1
14471,3,1
14663,2,1
14663,5,1
14714,3,1
14920,1,1
14960,2,1
14960,5,1
15170,4,1
15191,3,1
15257,2,1
15257,5,1
15413,4,1
16043,4,1
16109,3,1
16235,3,1
16241,4,1
16659,3,1
16926,4,1
17199,3,1
17358,4,1
17392,3,1
17574,4,1
17610,2,1
17610,5,1
17667,3,1
17731,4,1
17754,4,1
17946,3,1
18030,3,1
18435,1,1
18958,1,1
19914,4,1
19962,3,1
19966,1,1
20166,2,1
20166,5,1
20499,4,1
21399,4,1
21570,2,1
21570,5,1
22282,1,1
22344,2,1
22344,5,1
22938,4,1
23160,3,1
23671,4,1
23692,3,1
23799,2,1
23799,5,1
24018,2,1
24018,5,1
24198,4,1
24222,3,1
24366,1,1
24378,4,1
24528,1,1
24867,3,1
25455,1,1
25839,3,1
25986,2,1
25986,5,1
25995,2,1
25995,5,1
26079,4,1
26115,2,1
26115,5,1
26290,4,1
26427,1,1
26562,1,1
26655,4,1
26667,3,1
26679,2,1
26679,5,1
27195,4,1
27462,1,1
28056,1,1
28086,4,1
28113,2,1
28113,5,1
28174,3,1
28810,4,1
28881,3,1
29262,1,1
29271,1,1
29542,3,1
29631,1,1
29751,4,1
29775,2,1
29775,5,1
30174,2,1
30174,5,1
30378,1,1
30444,2,1
30444,5,1
30486,1,1
30513,3,1
30567,1,1
30574,4,1
30918,1,1
30927,1,1
30940,1,1
31026,3,1
31299,4,1
31344,2,1
31344,5,1
31683,1,1
31713,2,1
31713,5,1
31938,4,1
32019,2,1
32019,5,1
32340,3,1
32439,1,1
32484,1,1
32754,1,1
32782,3,1
33037,1,1
33166,4,1
33172,1,1
33388,2,1
33388,5,1
33982,2,1
33982,5,1
34078,3,1
34108,1,1
34270,1,1
34774,2,1
34774,5,1
35134,1,1
35700,2,1
35700,5,1
35740,4,1
35788,1,1
35911,4,1
36046,4,1
36223,1,1
36565,2,1
36565,5,1
36589,1,1
36844,2,1
36844,5,1
37060,1,1
37645,2,1
37645,5,1
38095,2,1
38095,5,1
38158,2,1
38158,5,1
38182,3,1
38341,4,1
38581,2,1
38581,5,1
38695,1,1
38716,2,1
38716,5,1
38758,1,1
38797,4,1
38830,3,1
39133,4,1
39190,3,1
39412,4,1
39436,2,1
39436,5,1
39783,2,1
39783,5,1
39796,4,1
40173,2,1
40173,5,1
40198,3,1
40255,1,1
40438,4,1
40693,3,1
41158,4,1
41590,4,1
41655,1,1
41860,4,1
41884,2,1
41884,5,1
42004,2,1
42004,5,1
42301,2,1
42301,5,1
42355,4,1
42391,4,1
42652,4,1
42829,2,1
42829,5,1
42853,3,1
42883,2,1
42883,5,1
43162,1,1
43429,3,1
43918,2,1
43918,5,1
44580,1,1
44815,3,1
45190,4,1
45223,1,1
45247,3,1
45268,2,1
45268,5,1
46147,3,1
46708,2,1
46708,5,1
46750,3,1
46933,2,1
46933,5,1
46942,2,1
46942,5,1
46948,1,1
47134,4,1
47206,4,1
47230,1,1
47335,3,1
47605,3,1
47623,3,1
47662,2,1
47662,5,1
48025,4,1
48262,3,1
48352,3,1
48919,1,1
49540,3,1
49612,3,1
49732,2,1
49732,5,1
49885,4,1
50374,4,1
50389,2,1
50389,5,1
50470,1,1
50485,3,1
51262,1,1
51316,1,1
51346,4,1
52372,4,1
52381,4,1
52564,3,1
52645,3,1
52711,1,1
53110,2,1
53110,5,1
53116,1,1
53350,1,1
53446,3,1
53830,4,1
54511,1,1
54661,3,1
54688,1,1
54717,4,1
54732,1,1
54781,2,1
54781,5,1
54790,2,1
54790,5,1
54886,1,1
55159,2,1
55159,5,1
55303,1,1
55318,3,1
55591,2,1
55591,5,1
55608,4,1
55750,3,1
55948,1,1
55957,1,1
55966,1,1
55996,4,1
56212,1,1
56797,4,1
56806,2,1
56806,5,1
56821,3,1
57271,3,1
57274,2,1
57274,5,1
57316,3,1
57886,4,1
57997,3,1
58119,4,1
58372,2,1
58372,5,1
58399,4,1
58444,2,1
58444,5,1
58462,2,1
58462,5,1
58552,2,1
58552,5,1
58630,3,1
58959,1,1
59311,4,1
59548,1,1
59596,4,1
59740,2,1
59740,5,1
60096,1,1
60109,1,1
60163,1,1
60358,3,1
60364,4,1
60382,4,1
60391,4,1
60604,1,1
61102,2,1
61102,5,1
61143,2,1
61143,5,1
61285,3,1
61294,3,1
61390,4,1
61540,1,1
61558,2,1
61558,5,1
61561,4,1
61695,3,1
62431,1,1
62502,2,1
62502,5,1
62623,4,1
62940,1,1
62964,3,1
63408,1,1
63547,2,1
63547,5,1
63589,1,1
63652,3,1
63670,3,1
63718,2,1
63718,5,1
63922,3,1
64381,3,1
64768,1,1
64948,1,1
65023,1,1
65236,3,1
65271,1,1
65479,1,1
65517,4,1
65551,3,1
65560,3,1
65567,4,1
65578,1,1
65713,3,1
66220,1,1
66811,3,1
67435,2,1
67435,5,1
67936,1,1
68377,1,1
68440,3,1
68795,2,1
68795,5,1
69106,3,1
69115,3,1
70012,2,1
70012,5,1
70120,2,1
70120,5,1
70270,1,1
70444,4,1
70474,3,1
70490,2,1
70490,5,1
70522,1,1
70810,1,1
71152,1,1
71275,3,1
71356,3,1
71449,2,1
71449,5,1
72136,4,1
72952,2,1
72952,5,1
73342,4,1
73432,4,1
73531,4,1
73768,1,1
74215,4,1
74479,1,1
74794,1,1
75388,1,1
75706,2,1
75706,5,1
75742,2,1
75742,5,1
75949,4,1
76231,4,1
76240,4,1
77017,3,1
77161,3,1
77290,2,1
77290,5,1
77314,3,1
78286,1,1
78349,1,1
78365,4,1
78476,3,1
78541,2,1
78541,5,1
78958,3,1
79018,2,1
79018,5,1
79132,3,1
79276,1,1
79531,2,1
79531,5,1
79645,1,1
79996,2,1
79996,5,1
80062,1,1
80251,1,1
80575,2,1
80575,5,1
80611,1,1
80665,2,1
80665,5,1
80701,1,1
81034,1,1
81145,4,1
81196,2,1
81196,5,1
81229,3,1
81244,4,1
81343,4,1
81358,2,1
81358,5,1
81466,2,1
81466,5,1
81520,1,1
82025,3,1
82105,1,1
82606,3,1
82840,3,1
82894,1,1
83405,2,1
83405,5,1
83563,2,1
83563,5,1
83671,2,1
83671,5,1
84586,1,1
84634,2,1
84634,5,1
84811,3,1
84923,1,1
84988,3,1
85291,2,1
85291,5,1
85567,1,1
86122,4,1
86218,2,1
86218,5,1
86311,4,1
86377,1,1
86953,1,1
87064,2,1
87064,5,1
87082,2,1
87082,5,1
87181,2,1
87181,5,1
87277,1,1
88120,4,1
88432,2,1
88432,5,1
88489,3,1
88888,2,1
88888,5,1
88924,1,1
88969,2,1
88969,5,1
89009,1,1
89185,1,1
89257,1,1
90367,2,1
90367,5,1
90619,2,1
90619,5,1
90904,3,1
91007,3,1
91183,3,1
91226,2,1
91226,5,1
91261,4,1
91291,3,1
91402,1,1
91405,4,1
91804,3,1
92137,3,1
92314,4,1
92536,2,1
92536,5,1
92542,3,1
92873,4,1
93019,3,1
93115,4,1
93881,4,1
94156,2,1
94156,5,1
94171,3,1
94193,1,1
94414,3,1
94666,1,1
95722,2,1
95722,5,1
96025,3,1
96223,3,1
96460,2,1
96460,5,1
96586,4,1
96688,3,1
97672,1,1
97819,4,1
97900,2,1
97900,5,1
99049,1,1
99211,3,1
99376,4,1
99577,3,1
99706,1,1
99904,1,1
99920,4,1
100015,2,1
100015,5,1
100060,2,1
100060,5,1
100267,4,1
100840,1,1
101615,3,1
102094,4,1
102362,3,1
102478,2,1
102478,5,1
102811,1,1
102955,2,1
102955,5,1
103184,2,1
103184,5,1
103198,2,1
103198,5,1
103261,1,1
103267,3,1
103390,4,1
103580,2,1
103580,5,1
103675,2,1
103675,5,1
103855,2,1
103855,5,1
104536,3,1
104764,2,1
104764,5,1
104800,1,1
104890,2,1
104890,5,1
105436,3,1
105562,3,1
105613,4,1
105802,4,1
106057,3,1
106249,2,1
106249,5,1
106363,3,1
106702,4,1
106714,3,1
107245,3,1
107446,2,1
107446,5,1
107567,4,1
107578,1,1
107596,1,1
108124,4,1
108265,2,1
108265,5,1
108874,1,1
108958,4,1
109129,2,1
109129,5,1
109213,4,1
109336,2,1
109336,5,1
109387,1,1
109390,2,1
109390,5,1
109945,1,1
110617,4,1
110680,4,1
110906,2,1
110906,5,1
111017,4,1
111401,1,1
111406,1,1
111931,4,1
111964,2,1
111964,5,1
112381,4,1
112540,1,1
112729,2,1
112729,5,1
113035,1,1
113161,1,1
113209,4,1
113242,1,1
113275,3,1
113293,3,1
113308,4,1
113404,1,1
113881,2,1
113881,5,1
114172,4,1
114472,3,1
114538,2,1
114538,5,1
114811,4,1
115207,4,1
115453,3,1
116248,2,1
116248,5,1
116314,4,1
116389,1,1
116749,1,1
116878,4,1
117850,2,1
117850,5,1
118234,3,1
118750,2,1
118750,5,1
118792,1,1
119041,4,1
119098,1,1
119596,4,1
120088,3,1
120238,4,1
120271,1,1
120286,3,1
120307,1,1
120347,2,1
120347,5,1
120397,2,1
120397,5,1
120586,2,1
120586,5,1
120607,4,1
120685,2,1
120685,5,1
121016,4,1
121081,1,1
121195,3,1
121232,4,1
121417,4,1
121450,1,1
121630,1,1
122044,1,1
122173,4,1
122476,2,1
122476,5,1
122509,3,1
123017,3,1
123166,3,1
123499,1,1
123571,3,1
123628,2,1
123628,5,1
123871,2,1
123871,5,1
124906,2,1
124906,5,1
125563,2,1
125563,5,1
125581,2,1
125581,5,1
125899,3,1
126046,3,1
126058,2,1
126058,5,1
126061,4,1
126175,2,1
126175,5,1
127018,3,1
127081,3,1
127162,3,1
127534,2,1
127534,5,1
127693,1,1
128749,4,1
129257,4,1
129499,3,1
130168,3,1
130318,4,1
130397,1,1
130408,4,1
130699,1,1
130733,2,1
130733,5,1
130780,3,1
131379,3,1
131448,4,1
131676,3,1
131742,1,1
131835,4,1
131934,4,1
132051,2,1
132051,5,1
132465,4,1
132539,1,1
132570,1,1
132849,2,1
132849,5,1
133659,2,1
133659,5,1
133962,3,1
133980,3,1
134391,4,1
134469,2,1
134469,5,1
134676,2,1
134676,5,1
135072,1,1
135090,1,1
135153,1,1
135273,4,1
135477,2,1
135477,5,1
135831,4,1
135921,4,1
135963,2,1
135963,5,1
136017,1,1
136034,2,1
136034,5,1
136692,2,1
136692,5,1
136722,4,1
137136,4,1
137175,3,1
137244,4,1
137592,2,1
137592,5,1
137622,4,1
138006,1,1
138606,3,1
138645,2,1
138645,5,1
138840,3,1
139254,3,1
139614,3,1
139959,4,1
140250,2,1
140250,5,1
140661,1,1
140793,3,1
140862,4,1
141369,3,1
141395,1,1
141885,2,1
141885,5,1
142104,2,1
142104,5,1
142614,1,1
142680,4,1
142683,3,1
142782,3,1
142842,4,1
143003,4,1
143196,3,1
143514,1,1
143583,3,1
143867,3,1
144273,4,1
144540,1,1
144561,4,1
144954,2,1
144954,5,1
145137,4,1
145269,2,1
145269,5,1
145284,3,1
145308,4,1
145968,1,1
146001,2,1
146001,5,1
146043,1,1
146070,1,1
146679,1,1
146967,1,1
147132,1,1
147153,4,1
147185,4,1
147186,2,1
147186,5,1
147255,3,1
147390,3,1
147420,1,1
147669,1,1
147699,4,1
147705,3,1
148053,4,1
148112,2,1
148112,5,1
148119,3,1
148193,4,1
148272,3,1
148275,2,1
148275,5,1
148569,1,1
148668,1,1
149304,4,1
149340,4,1
149364,2,1
149364,5,1
149598,4,1
149712,3,1
149832,2,1
149832,5,1
150003,3,1
150087,4,1
150453,1,1
150483,4,1
150516,1,1
150528,4,1
150585,3,1
150834,4,1
151025,3,1
151326,1,1
151374,4,1
151536,4,1
151739,4,1
151776,2,1
151776,5,1
152439,3,1
152772,3,1
152784,2,1
152784,5,1
153591,3,1
154002,2,1
154002,5,1
154038,4,1
154386,2,1
154386,5,1
154641,4,1
154800,1,1
154815,3,1
154908,2,1
154908,5,1
154911,4,1
155418,3,1
155708,4,1
156560,1,1
156561,3,1
156659,2,1
156659,5,1
156660,3,1
156696,1,1
156702,4,1
157848,1,1
158171,1,1
158387,2,1
158387,5,1
158388,1,1
159354,2,1
159354,5,1
160181,2,1
160181,5,1
160626,4,1
161238,4,1
161378,4,1
161556,3,1
161685,2,1
161685,5,1
161850,4,1
162171,1,1
162744,3,1
162833,1,1
162840,4,1
162875,3,1
162900,1,1
163074,4,1
163088,4,1
163290,4,1
164240,2,1
164240,5,1
164286,2,1
164286,5,1
164346,3,1
164403,1,1
164406,4,1
164436,3,1
164484,2,1
164484,5,1
164535,3,1
164631,4,1
164666,3,1
164703,4,1
165345,3,1
165969,4,1
166068,2,1
166068,5,1
166167,2,1
166167,5,1
166581,2,1
166581,5,1
166800,4,1
166875,1,1
166938,1,1
167265,2,1
167265,5,1
167289,1,1
167391,2,1
167391,5,1
167715,2,1
167715,5,1
167931,2,1
167931,5,1
197,4,1
300,2,1
300,5,1
535,2,1
535,5,1
585,2,1
585,5,1
1765,4,1
2274,2,1
2274,5,1
3024,4,1
3279,1,1
3435,2,1
3435,5,1
4044,3,1
5141,1,1
5219,3,1
5303,1,1
5519,2,1
5519,5,1
5949,3,1
6572,2,1
6572,5,1
6939,3,1
7716,1,1
8207,3,1
8426,2,1
8426,5,1
8477,1,1
8879,3,1
8903,2,1
8903,5,1
9089,1,1
9215,3,1
9425,2,1
9425,5,1
9533,2,1
9533,5,1
9551,2,1
9551,5,1
9574,2,1
9574,5,1
9611,3,1
9659,4,1
9689,3,1
9754,2,1
9754,5,1
9827,1,1
10325,4,1
10931,3,1
10943,2,1
10943,5,1
10949,1,1
11068,4,1
11108,4,1
11255,3,1
11447,2,1
11447,5,1
11534,3,1
11921,3,1
11987,4,1
12104,1,1
12659,1,1
12905,2,1
12905,5,1
12940,4,1
13013,1,1
13037,3,1
13049,2,1
13049,5,1
13064,3,1
13085,2,1
13085,5,1
13112,1,1
13282,4,1
14207,3,1
14291,2,1
14291,5,1
14321,4,1
14399,4,1
14471,2,1
14471,5,1
14714,2,1
14714,5,1
14920,4,1
15170,3,1
15191,2,1
15191,5,1
15200,1,1
15413,3,1
15584,1,1
16043,3,1
16109,2,1
16109,5,1
16235,2,1
16235,5,1
16241,3,1
16434,1,1
16632,1,1
16659,2,1
16659,5,1
16926,3,1
17199,2,1
17199,5,1
17358,3,1
17392,2,1
17392,5,1
17523,1,1
17574,3,1
17667,2,1
17667,5,1
17731,3,1
17754,3,1
17946,2,1
17946,5,1
18030,2,1
18030,5,1
18063,1,1
18435,4,1
18958,4,1
19170,1,1
19869,1,1
19914,3,1
19962,2,1
19962,5,1
19966,4,1
20088,1,1
20499,3,1
21399,3,1
22108,1,1
22282,4,1
22338,1,1
22938,3,1
23160,2,1
23160,5,1
23571,1,1
23671,3,1
23692,2,1
23692,5,1
24174,1,1
24183,1,1
24198,3,1
24222,2,1
24222,5,1
24264,1,1
24366,4,1
24378,3,1
24528,4,1
24615,1,1
24679,1,1
24867,2,1
24867,5,1
25455,4,1
25839,2,1
25839,5,1
26079,3,1
26290,3,1
26307,1,1
26427,4,1
26562,4,1
26622,1,1
26655,3,1
26667,2,1
26667,5,1
27195,3,1
27462,4,1
28026,1,1
28056,4,1
28086,3,1
28111,1,1
28174,2,1
28174,5,1
28810,3,1
28881,2,1
28881,5,1
28887,1,1
29262,4,1
29271,4,1
29542,2,1
29542,5,1
29631,4,1
29751,3,1
30087,1,1
30378,4,1
30442,1,1
30486,4,1
30513,2,1
30513,5,1
30567,4,1
30574,3,1
30654,1,1
30915,1,1
30918,4,1
30927,4,1
30940,4,1
30951,1,1
31026,2,1
31026,5,1
31275,1,1
31299,3,1
31491,1,1
31683,4,1
31938,3,1
32340,2,1
32340,5,1
32439,4,1
32484,4,1
32715,1,1
32754,4,1
32782,2,1
32782,5,1
32869,1,1
33037,4,1
33133,1,1
33166,3,1
33172,4,1
33796,1,1
34047,1,1
34078,2,1
34078,5,1
34108,4,1
34270,4,1
34894,1,1
35134,4,1
35299,1,1
35740,3,1
35788,4,1
35911,3,1
36046,3,1
36223,4,1
36379,1,1
36589,4,1
36879,1,1
37060,4,1
38182,2,1
38182,5,1
38197,1,1
38341,3,1
38638,1,1
38647,1,1
38695,4,1
38758,4,1
38797,3,1
38830,2,1
38830,5,1
38836,1,1
39133,3,1
39190,2,1
39190,5,1
39412,3,1
39709,1,1
39718,1,1
39796,3,1
40198,2,1
40198,5,1
40207,1,1
40255,4,1
40438,3,1
40693,2,1
40693,5,1
41158,3,1
41590,3,1
41655,4,1
41860,3,1
41869,1,1
42093,1,1
42355,3,1
42391,3,1
42652,3,1
42853,2,1
42853,5,1
43162,4,1
43429,2,1
43429,5,1
44580,4,1
44815,2,1
44815,5,1
45190,3,1
45223,4,1
45247,2,1
45247,5,1
46147,2,1
46147,5,1
46750,2,1
46750,5,1
46948,4,1
47134,3,1
47151,1,1
47206,3,1
47230,4,1
47335,2,1
47335,5,1
47340,1,1
47557,1,1
47605,2,1
47605,5,1
47623,2,1
47623,5,1
48025,3,1
48262,2,1
48262,5,1
48277,1,1
48352,2,1
48352,5,1
48919,4,1
49540,2,1
49540,5,1
49573,1,1
49612,2,1
49612,5,1
49885,3,1
50374,3,1
50470,4,1
50485,2,1
50485,5,1
50887,1,1
51007,1,1
51262,4,1
51316,4,1
51346,3,1
51412,1,1
52372,3,1
52381,3,1
52564,2,1
52564,5,1
52645,2,1
52645,5,1
52678,1,1
52711,4,1
53116,4,1
53140,1,1
53350,4,1
53446,2,1
53446,5,1
53830,3,1
54388,1,1
54469,1,1
54511,4,1
54661,2,1
54661,5,1
54688,4,1
54717,3,1
54732,4,1
54886,4,1
55303,4,1
55318,2,1
55318,5,1
55608,3,1
55750,2,1
55750,5,1
55948,4,1
55957,4,1
55966,4,1
55981,1,1
55996,3,1
56212,4,1
56647,1,1
56764,1,1
56797,3,1
56821,2,1
56821,5,1
56845,1,1
57079,1,1
57268,1,1
57271,2,1
57271,5,1
57316,2,1
57316,5,1
57493,1,1
57886,3,1
57943,1,1
57997,2,1
57997,5,1
58119,3,1
58366,1,1
58399,3,1
58630,2,1
58630,5,1
58959,4,1
59311,3,1
59548,4,1
59590,1,1
59596,3,1
60061,1,1
60096,4,1
60109,4,1
60133,1,1
60163,4,1
60358,2,1
60358,5,1
60364,3,1
60382,3,1
60391,3,1
60604,4,1
61285,2,1
61285,5,1
61294,2,1
61294,5,1
61390,3,1
61540,4,1
61561,3,1
61695,2,1
61695,5,1
62127,1,1
62431,4,1
62479,1,1
62623,3,1
62940,4,1
62964,2,1
62964,5,1
63408,4,1
63589,4,1
63652,2,1
63652,5,1
63670,2,1
63670,5,1
63922,2,1
63922,5,1
64381,2,1
64381,5,1
64477,1,1
64768,4,1
64948,4,1
65023,4,1
65236,2,1
65236,5,1
65271,4,1
65476,1,1
65479,4,1
65494,1,1
65517,3,1
65551,2,1
65551,5,1
65560,2,1
65560,5,1
65567,3,1
65578,4,1
65593,1,1
65713,2,1
65713,5,1
65836,1,1
66220,4,1
66811,2,1
66811,5,1
67936,4,1
68077,1,1
68377,4,1
68440,2,1
68440,5,1
69106,2,1
69106,5,1
69115,2,1
69115,5,1
70270,4,1
70444,3,1
70474,2,1
70474,5,1
70522,4,1
70588,1,1
70600,1,1
70810,4,1
71005,1,1
71152,4,1
71275,2,1
71275,5,1
71356,2,1
71356,5,1
71389,1,1
71933,1,1
71947,1,1
72136,3,1
72667,1,1
73342,3,1
73432,3,1
73531,3,1
73768,4,1
74215,3,1
74479,4,1
74794,4,1
75388,4,1
75871,1,1
75949,3,1
76231,3,1
76240,3,1
77017,2,1
77017,5,1
77161,2,1
77161,5,1
77314,2,1
77314,5,1
77360,1,1
77419,1,1
78286,4,1
78346,1,1
78349,4,1
78365,3,1
78472,1,1
78476,2,1
78476,5,1
78958,2,1
78958,5,1
79066,1,1
79132,2,1
79132,5,1
79192,1,1
79276,4,1
79645,4,1
80062,4,1
80078,1,1
80251,4,1
80528,1,1
80611,4,1
80701,4,1
81034,4,1
81145,3,1
81229,2,1
81229,5,1
81244,3,1
81343,3,1
81356,1,1
81520,4,1
82025,2,1
82025,5,1
82105,4,1
82606,2,1
82606,5,1
82840,2,1
82840,5,1
82846,1,1
82894,4,1
84556,1,1
84586,4,1
84763,1,1
84811,2,1
84811,5,1
84923,4,1
84988,2,1
84988,5,1
85177,1,1
85339,1,1
85567,4,1
85852,1,1
86122,3,1
86153,1,1
86311,3,1
86377,4,1
86953,4,1
87067,1,1
87277,4,1
88120,3,1
88489,2,1
88489,5,1
88831,1,1
88924,4,1
89009,4,1
89185,4,1
89257,4,1
89362,1,1
90545,1,1
90904,2,1
90904,5,1
91007,2,1
91007,5,1
91183,2,1
91183,5,1
91261,3,1
91291,2,1
91291,5,1
91402,4,1
91405,3,1
91804,2,1
91804,5,1
92098,1,1
92137,2,1
92137,5,1
92188,1,1
92314,3,1
92542,2,1
92542,5,1
92827,1,1
92873,3,1
93019,2,1
93019,5,1
93115,3,1
93187,1,1
93808,1,1
93881,3,1
94046,1,1
94087,1,1
94171,2,1
94171,5,1
94193,4,1
94366,1,1
94414,2,1
94414,5,1
94666,4,1
96025,2,1
96025,5,1
96223,2,1
96223,5,1
96283,1,1
96526,1,1
96586,3,1
96688,2,1
96688,5,1
97672,4,1
97819,3,1
99019,1,1
99049,4,1
99211,2,1
99211,5,1
99376,3,1
99577,2,1
99577,5,1
99706,4,1
99802,1,1
99904,4,1
99920,3,1
100126,1,1
100267,3,1
100840,4,1
101615,2,1
101615,5,1
101896,1,1
102094,3,1
102362,2,1
102362,5,1
102476,1,1
102811,4,1
103261,4,1
103267,2,1
103267,5,1
103330,1,1
103390,3,1
104536,2,1
104536,5,1
104776,1,1
104800,4,1
104848,1,1
105301,1,1
105436,2,1
105436,5,1
105562,2,1
105562,5,1
105613,3,1
105784,1,1
105802,3,1
105865,1,1
105932,1,1
106057,2,1
106057,5,1
106363,2,1
106363,5,1
106634,1,1
106702,3,1
106714,2,1
106714,5,1
107245,2,1
107245,5,1
107567,3,1
107578,4,1
107596,4,1
108124,3,1
108475,1,1
108874,4,1
108958,3,1
109213,3,1
109387,4,1
109532,1,1
109771,1,1
109945,4,1
110617,3,1
110680,3,1
111017,3,1
111401,4,1
111406,4,1
111931,3,1
111949,1,1
112381,3,1
112540,4,1
112600,1,1
113035,4,1
113161,4,1
113209,3,1
113242,4,1
113275,2,1
113275,5,1
113293,2,1
113293,5,1
113308,3,1
113389,1,1
113404,4,1
113465,1,1
113929,1,1
114172,3,1
114176,1,1
114472,2,1
114472,5,1
114811,3,1
115207,3,1
115453,2,1
115453,5,1
116314,3,1
116389,4,1
116749,4,1
116764,1,1
116809,1,1
116878,3,1
117691,1,1
118234,2,1
118234,5,1
118249,1,1
118792,4,1
119041,3,1
119098,4,1
119563,1,1
119596,3,1
120088,2,1
120088,5,1
120238,3,1
120271,4,1
120286,2,1
120286,5,1
120307,4,1
120607,3,1
120697,1,1
121016,3,1
121033,1,1
121081,4,1
121195,2,1
121195,5,1
121232,3,1
121417,3,1
121450,4,1
121597,1,1
121630,4,1
122044,4,1
122173,3,1
122488,1,1
122509,2,1
122509,5,1
123017,2,1
123017,5,1
123166,2,1
123166,5,1
123499,4,1
123571,2,1
123571,5,1
123928,1,1
124111,1,1
124666,1,1
124837,1,1
125899,2,1
125899,5,1
125935,1,1
126046,2,1
126046,5,1
126061,3,1
127018,2,1
127018,5,1
127081,2,1
127081,5,1
127162,2,1
127162,5,1
127693,4,1
127807,1,1
127870,1,1
128284,1,1
128749,3,1
129166,1,1
129257,3,1
129499,2,1
129499,5,1
130168,2,1
130168,5,1
130318,3,1
130330,1,1
130397,4,1
130408,3,1
130696,1,1
130699,4,1
130780,2,1
130780,5,1
131379,2,1
131379,5,1
131442,1,1
131448,3,1
131451,1,1
131676,2,1
131676,5,1
131742,4,1
131835,3,1
131934,3,1
132465,3,1
132539,4,1
132570,4,1
133962,2,1
133962,5,1
133980,2,1
133980,5,1
134336,1,1
134391,3,1
135033,1,1
135072,4,1
135090,4,1
135153,4,1
135273,3,1
135831,3,1
135921,3,1
136017,4,1
136668,1,1
136722,3,1
136956,1,1
137136,3,1
137175,2,1
137175,5,1
137244,3,1
137622,3,1
137649,1,1
138006,4,1
138576,1,1
138606,2,1
138606,5,1
138840,2,1
138840,5,1
139254,2,1
139254,5,1
139614,2,1
139614,5,1
139959,3,1
140181,1,1
140438,1,1
140661,4,1
140793,2,1
140793,5,1
140862,3,1
141207,1,1
141369,2,1
141369,5,1
141395,4,1
142418,1,1
142422,1,1
142614,4,1
142680,3,1
142683,2,1
142683,5,1
142782,2,1
142782,5,1
142842,3,1
143003,3,1
143196,2,1
143196,5,1
143514,4,1
143583,2,1
143583,5,1
143867,2,1
143867,5,1
144273,3,1
144420,1,1
144540,4,1
144561,3,1
145050,1,1
145137,3,1
145284,2,1
145284,5,1
145308,3,1
145968,4,1
146043,4,1
146070,4,1
146679,4,1
146967,4,1
147132,4,1
147153,3,1
147185,3,1
147255,2,1
147255,5,1
147390,2,1
147390,5,1
147420,4,1
147669,4,1
147699,3,1
147705,2,1
147705,5,1
148053,3,1
148119,2,1
148119,5,1
148193,3,1
148272,2,1
148272,5,1
148569,4,1
148668,4,1
149304,3,1
149340,3,1
149598,3,1
149712,2,1
149712,5,1
149943,1,1
149961,1,1
150003,2,1
150003,5,1
150087,3,1
150126,1,1
150360,1,1
150453,4,1
150483,3,1
150516,4,1
150528,3,1
150585,2,1
150585,5,1
150834,3,1
150905,1,1
151025,2,1
151025,5,1
151251,1,1
151326,4,1
151374,3,1
151536,3,1
151739,3,1
152331,1,1
152439,2,1
152439,5,1
152772,2,1
152772,5,1
152787,1,1
152949,1,1
153591,2,1
153591,5,1
154038,3,1
154203,1,1
154641,3,1
154800,4,1
154815,2,1
154815,5,1
154911,3,1
155418,2,1
155418,5,1
155478,1,1
155708,3,1
156560,4,1
156561,2,1
156561,5,1
156660,2,1
156660,5,1
156696,4,1
156702,3,1
157848,4,1
158171,4,1
158388,4,1
159483,1,1
160626,3,1
161205,1,1
161238,3,1
161340,1,1
161378,3,1
161556,2,1
161556,5,1
161850,3,1
162006,1,1
162171,4,1
162744,2,1
162744,5,1
162833,4,1
162840,3,1
162875,2,1
162875,5,1
162900,4,1
162939,1,1
163074,3,1
163088,3,1
163290,3,1
164346,2,1
164346,5,1
164403,4,1
164406,3,1
164436,2,1
164436,5,1
164535,2,1
164535,5,1
164631,3,1
164666,2,1
164666,5,1
164703,3,1
165345,2,1
165345,5,1
165969,3,1
165981,1,1
166800,3,1
166875,4,1
166938,4,1
167001,1,1
167289,4,1
167349,1,1
167376,1,1
168348,1,1
